"","x"
"1","1-ACYLGLYCEROL-3-P-ACYLTRANSFER-RXN: (expasy) 1-acylglycerol-3-phosphate O-acyltransferase [2.3.1.51]"
"2","1.1.1.64-RXN: (expasy) Testosterone 17-beta-dehydrogenase (NADP(+)) [1.1.1.64]"
"3","1.14.19.3-RXN: (expasy) Acyl-CoA 6-desaturase [1.14.19.3]"
"4","1.3.7.2-RXN: (expasy) 15,16-dihydrobiliverdin:ferredoxin oxidoreductase [1.3.7.2]"
"5","1.3.7.3-RXN: (expasy) Phycoerythrobilin:ferredoxin oxidoreductase [1.3.7.3]"
"6","1.3.7.5-RXN: (expasy) Phycocyanobilin:ferredoxin oxidoreductase [1.3.7.5]"
"7","1.4.3.19-RXN: (expasy) AMBIGUOUS [1.4.3.19; 1.4.3.3]"
"8","1.5.1.20-RXN: (expasy) Methylenetetrahydrofolate reductase (NAD(P)H) [1.5.1.20]"
"9","1.8.4.8-RXN: (expasy) Phosphoadenylyl-sulfate reductase (thioredoxin) [1.8.4.8]"
"10","2.1.1.130-RXN: (expasy) Precorrin-2 C(20)-methyltransferase [2.1.1.130]"
"11","2.1.1.151-RXN: (expasy) Cobalt-factor II C(20)-methyltransferase [2.1.1.151]"
"12","2.1.1.34-RXN: (expasy) tRNA (guanosine(18)-2'-O)-methyltransferase [2.1.1.34]"
"13","2.1.1.74-RXN: (expasy) (NAD(P)H-oxidizing) [2.1.1.74]"
"14","2.3.1.128-RXN: (expasy) [Ribosomal protein S18]-alanine N-acetyltransferase [2.3.1.266]"
"15","2.3.1.157-RXN: (expasy) Glucosamine-1-phosphate N-acetyltransferase [2.3.1.157]"
"16","2.4.1.129-RXN: (expasy) Peptidoglycan glycosyltransferase [2.4.1.129]"
"17","2.4.1.213-RXN: (expasy) Glucosylglycerol-phosphate synthase [2.4.1.213]"
"18","2.5.1.64-RXN: (expasy) synthase [2.2.1.9]"
"19","2.7.1.148-RXN: (expasy) 4-(cytidine 5'-diphospho)-2-C-methyl-D-erythritol kinase [2.7.1.148]"
"20","2.7.1.156-RXN: (expasy) Adenosylcobinamide kinase [2.7.1.156]"
"21","2.7.7.13-RXN: (expasy) Mannose-1-phosphate guanylyltransferase [2.7.7.13]"
"22","2.7.7.60-RXN: (expasy) 2-C-methyl-D-erythritol 4-phosphate cytidylyltransferase [2.7.7.60]"
"23","2.8.1.6-RXN: (expasy) Biotin synthase [2.8.1.6]"
"24","2.9.1.1-RXN: (expasy) L-seryl-tRNA(Sec) selenium transferase [2.9.1.1]"
"25","2PGADEHYDRAT-RXN: (expasy) Phosphopyruvate hydratase [4.2.1.11]"
"26","3-CH3-2-OXOBUTANOATE-OH-CH3-XFER-RXN: (expasy) 3-methyl-2-oxobutanoate hydroxymethyltransferase [2.1.2.11]"
"27","3-DEHYDROSPHINGANINE-REDUCTASE-RXN: (expasy) 3-dehydrosphinganine reductase [1.1.1.102]"
"28","3-NUCLEOTID-RXN: (expasy) 3'-nucleotidase [3.1.3.6]"
"29","3-OCTAPRENYL-4-OHBENZOATE-DECARBOX-RXN: (expasy) 4-hydroxy-3-polyprenylbenzoate decarboxylase [4.1.1.98]"
"30","3.1.21.4-RXN: (expasy) Type II site-specific deoxyribonuclease [3.1.21.4]"
"31","3.1.22.4-RXN: NO_NAME"
"32","3.1.26.11-RXN: (expasy) Ribonuclease Z [3.1.26.11]"
"33","3.1.26.12-RXN: (expasy) Ribonuclease E [3.1.26.12]"
"34","3.1.26.3-RXN: (expasy) Ribonuclease III [3.1.26.3]"
"35","3.1.26.4-RXN: (expasy) Ribonuclease H [3.1.26.4]"
"36","3.1.3.69-RXN: (expasy) Glucosylglycerol 3-phosphatase [3.1.3.69]"
"37","3.2.1.1-RXN: (expasy) Alpha-amylase [3.2.1.1]"
"38","3.2.1.3-RXN: (expasy) Glucan 1,4-alpha-glucosidase [3.2.1.3]"
"39","3.2.1.52-RXN: (expasy) Beta-N-acetylhexosaminidase [3.2.1.52]"
"40","3.2.2.23-RXN: (expasy) DNA-formamidopyrimidine glycosylase [3.2.2.23]"
"41","3.4.11.1-RXN: (expasy) AMBIGUOUS [3.4.11.1; 3.4.11.9]"
"42","3.4.11.10-RXN: (expasy) Bacterial leucyl aminopeptidase [3.4.11.10]"
"43","3.4.11.6-RXN: (expasy) Aminopeptidase B [3.4.11.6]"
"44","3.4.11.9-RXN: (expasy) Xaa-Pro aminopeptidase [3.4.11.9]"
"45","3.4.19.5-RXN: (expasy) Beta-aspartyl-peptidase [3.4.19.5]"
"46","3.4.21.102-RXN: (expasy) C-terminal processing peptidase [3.4.21.102]"
"47","3.4.21.26-RXN: (expasy) Prolyl oligopeptidase [3.4.21.26]"
"48","3.4.21.88-RXN: (expasy) Repressor LexA [3.4.21.88]"
"49","3.4.21.89-RXN: (expasy) Signal peptidase I [3.4.21.89]"
"50","3.4.21.92-RXN: (expasy) Endopeptidase Clp [3.4.21.92]"
"51","3.4.24.64-RXN: (expasy) Mitochondrial processing peptidase [3.4.24.64]"
"52","3.5.1.27-RXN: (expasy) Peptide deformylase [3.5.1.88]"
"53","3.5.1.88-RXN: (expasy) Peptide deformylase [3.5.1.88]"
"54","3.6.3.28-RXN: (expasy) ABC-type phosphonate transporter [7.3.2.2]"
"55","4.1.1.81-RXN: (expasy) Threonine-phosphate decarboxylase [4.1.1.81]"
"56","4.2.1.99-RXN: (expasy) 2-methylisocitrate dehydratase [4.2.1.99]"
"57","5-FORMYL-THF-CYCLO-LIGASE-RXN: (expasy) 5-formyltetrahydrofolate cyclo-ligase [6.3.3.2]"
"58","5-METHYLTHIOADENOSINE-PHOSPHORYLASE-RXN: (expasy) S-methyl-5'-thioadenosine phosphorylase [2.4.2.28]"
"59","6.1.1.23-RXN: (expasy) Aspartate--tRNA(Asn) ligase [6.1.1.23]"
"60","6.3.2.10-RXN: (expasy) UDP-N-acetylmuramoyl-tripeptide--D-alanyl-D-alanine ligase [6.3.2.10]"
"61","6.3.2.29-RXN: (expasy) Cyanophycin synthase (L-aspartate-adding) [6.3.2.29]"
"62","6.3.2.30-RXN: (expasy) Cyanophycin synthase (L-arginine-adding) [6.3.2.30]"
"63","6PFRUCTPHOS-RXN: (expasy) 6-phosphofructokinase [2.7.1.11]"
"64","6PGLUCONOLACT-RXN: (expasy) 6-phosphogluconolactonase [3.1.1.31]"
"65","7KAPSYN-RXN: (expasy) 8-amino-7-oxononanoate synthase [2.3.1.47]"
"66","ABC-23-RXN: (expasy) ABC-type phosphonate transporter [7.3.2.2]"
"67","ADENYL-KIN-RXN: (expasy) Adenylate kinase [2.7.4.3]"
"68","ADENYLYLSULFKIN-RXN: (expasy) Adenylyl-sulfate kinase [2.7.1.25]"
"69","ADP-RIBOSYLARGININE-HYDROLASE-RXN: (expasy) [Protein ADP-ribosylarginine] hydrolase [3.2.2.19]"
"70","AGMATIN-RXN: (expasy) Agmatinase [3.5.3.11]"
"71","AICARSYN-RXN: (expasy) Adenylosuccinate lyase [4.3.2.2]"
"72","AIRS-RXN: (expasy) Phosphoribosylformylglycinamidine cyclo-ligase [6.3.3.1]"
"73","ALANINE--TRNA-LIGASE-RXN: (expasy) Alanine--tRNA ligase [6.1.1.7]"
"74","ALPHA-AMYL-RXN: (expasy) Alpha-amylase [3.2.1.1]"
"75","AMINOGLYCOSIDE-N3-ACETYLTRANSFERASE-RXN: (expasy) Aminoglycoside N(3)-acetyltransferase [2.3.1.81]"
"76","AMPSYN-RXN: (expasy) Adenylosuccinate lyase [4.3.2.2]"
"77","AMYLOMALT-RXN: (expasy) 4-alpha-glucanotransferase [2.4.1.25]"
"78","ARGDECARBOX-RXN: (expasy) Arginine decarboxylase [4.1.1.19]"
"79","ARGININE--TRNA-LIGASE-RXN: (expasy) Arginine--tRNA ligase [6.1.1.19]"
"80","ARGSUCCINLYA-RXN: (expasy) Argininosuccinate lyase [4.3.2.1]"
"81","ASNSYNB-RXN: (expasy) Asparagine synthase (glutamine-hydrolyzing) [6.3.5.4]"
"82","ASPARTASE-RXN: (expasy) Aspartate ammonia-lyase [4.3.1.1]"
"83","ATPPHOSPHORIBOSYLTRANS-RXN: (expasy) ATP phosphoribosyltransferase [2.4.2.17]"
"84","BILIVERDIN-REDUCTASE-RXN: (expasy) Biliverdin reductase [1.3.1.24]"
"85","BIOTIN-CARBOXYL-RXN: (expasy) Biotin carboxylase [6.3.4.14]"
"86","CAFFEOYL-COA-O-METHYLTRANSFERASE-RXN: (expasy) Caffeoyl-CoA O-methyltransferase [2.1.1.104]"
"87","CARBOXYMETHYLENEBUTENOLIDASE-RXN: (expasy) Carboxymethylenebutenolidase [3.1.1.45]"
"88","CHORISMATEMUT-RXN: (expasy) Chorismate mutase [5.4.99.5]"
"89","COBINAMIDEKIN-RXN: (expasy) Adenosylcobinamide kinase [2.7.1.156]"
"90","CYSTEINE--TRNA-LIGASE-RXN: (expasy) Cysteine--tRNA ligase [6.1.1.16]"
"91","CYTDEAM-RXN: (expasy) Cytosine deaminase [3.5.4.1]"
"92","DEOXYRIBODIPYRIMIDINE-PHOTOLYASE-RXN: (expasy) Deoxyribodipyrimidine photo-lyase [4.1.99.3]"
"93","DEOXYRIBOSE-P-ALD-RXN: (expasy) Deoxyribose-phosphate aldolase [4.1.2.4]"
"94","DETHIOBIOTIN-SYN-RXN: (expasy) Dethiobiotin synthase [6.3.3.3]"
"95","DIAMINOPIMDECARB-RXN: (expasy) Diaminopimelate decarboxylase [4.1.1.20]"
"96","DIENELACHYDRO-RXN: (expasy) Carboxymethylenebutenolidase [3.1.1.45]"
"97","DIHYDROKAEMPFEROL-4-REDUCTASE-RXN: (expasy) Dihydroflavanol 4-reductase [1.1.1.219]"
"98","DIHYDROOROTATE-DEHYDROGENASE-RXN: (expasy) Dihydroorotate dehydrogenase (quinone) [1.3.5.2]"
"99","DIOHBUTANONEPSYN-RXN: (expasy) 3,4-dihydroxy-2-butanone-4-phosphate synthase [4.1.99.12]"
"100","DNA-CYTOSINE-5--METHYLTRANSFERASE-RXN: (expasy) DNA (cytosine-5-)-methyltransferase [2.1.1.37]"
"101","DTDPDEHYDRHAMEPIM-RXN: (expasy) dTDP-4-dehydrorhamnose 3,5-epimerase [5.1.3.13]"
"102","DTDPGLUCDEHYDRAT-RXN: (expasy) dTDP-glucose 4,6-dehydratase [4.2.1.46]"
"103","DTMPKI-RXN: (expasy) AMBIGUOUS [2.7.4.12; 2.7.4.13; 2.7.4.9]"
"104","DXPREDISOM-RXN: (expasy) 1-deoxy-D-xylulose-5-phosphate reductoisomerase [1.1.1.267]"
"105","ESTRADIOL-17-BETA-DEHYDROGENASE-RXN: (expasy) 17-beta-estradiol 17-dehydrogenase [1.1.1.62]"
"106","F16ALDOLASE-RXN: (expasy) Fructose-bisphosphate aldolase [4.1.2.13]"
"107","F16BDEPHOS-RXN: (expasy) Fructose-bisphosphatase [3.1.3.11]"
"108","FARNESYLTRANSTRANSFERASE-RXN: (expasy) Geranylgeranyl diphosphate synthase [2.5.1.29]"
"109","FGAMSYN-RXN: (expasy) Phosphoribosylformylglycinamidine synthase [6.3.5.3]"
"110","FLAVONADPREDUCT-RXN: (expasy) Flavodoxin--NADP(+) reductase [1.19.1.1]"
"111","FPPSYN-RXN: (expasy) (2E,6E)-farnesyl diphosphate synthase [2.5.1.10]"
"112","FRUCTOSE-6-PHOSPHATE-PHOSPHOKETOLASE-RXN: (expasy) Fructose-6-phosphate phosphoketolase [4.1.2.22]"
"113","GAMMA-GLUTAMYLTRANSFERASE-RXN: (expasy) Gamma-glutamyltransferase [2.3.2.2]"
"114","GDPPYPHOSKIN-RXN: (expasy) GTP diphosphokinase [2.7.6.5]"
"115","GLU6PDEHYDROG-RXN: (expasy) Glucose-6-phosphate dehydrogenase (NADP(+)) [1.1.1.49]"
"116","GLUC1PADENYLTRANS-RXN: (expasy) Glucose-1-phosphate adenylyltransferase [2.7.7.27]"
"117","GLUCOKIN-RXN: (expasy) AMBIGUOUS [2.7.1.1; 2.7.1.2]"
"118","GLUTAMATE-DEHYDROGENASE-RXN: (expasy) Glutamate dehydrogenase [1.4.1.2]"
"119","GLUTAMATE-N-ACETYLTRANSFERASE-RXN: (expasy) Glutamate N-acetyltransferase [2.3.1.35]"
"120","GLUTAMIDOTRANS-RXN: (expasy) Imidazole glycerol-phosphate synthase [4.3.2.10]"
"121","GLUTAMIN-RXN: (expasy) AMBIGUOUS [3.5.1.2; 3.5.1.38]"
"122","GLUTATHIONE-REDUCT-NADPH-RXN: (expasy) Glutathione-disulfide reductase [1.8.1.7]"
"123","GLUTDEHYD-RXN: (expasy) Glutamate dehydrogenase (NADP(+)) [1.4.1.4]"
"124","GLUTRACE-RXN: (expasy) Glutamate racemase [5.1.1.3]"
"125","GLUTRNAREDUCT-RXN: (expasy) Glutamyl-tRNA reductase [1.2.1.70]"
"126","GLYCOGEN-BRANCH-RXN: (expasy) 1,4-alpha-glucan branching enzyme [2.4.1.18]"
"127","GLYCOPHOSPHORYL-RXN: (expasy) Glycogen phosphorylase [2.4.1.1]"
"128","GLYMALTOPHOSPHORYL-RXN: (expasy) Glycogen phosphorylase [2.4.1.1]"
"129","GMP-SYN-GLUT-RXN: (expasy) GMP synthase (glutamine-hydrolyzing) [6.3.5.2]"
"130","GPH-RXN: (expasy) Phosphoglycolate phosphatase [3.1.3.18]"
"131","GPPSYN-RXN: (expasy) Dimethylallyltranstransferase [2.5.1.1]"
"132","GSAAMINOTRANS-RXN: (expasy) Glutamate-1-semialdehyde 2,1-aminomutase [5.4.3.8]"
"133","GTP-CYCLOHYDRO-II-RXN: (expasy) GTP cyclohydrolase II [3.5.4.25]"
"134","GTPPYPHOSKIN-RXN: (expasy) GTP diphosphokinase [2.7.6.5]"
"135","H2NEOPTERINALDOL-RXN: (expasy) Dihydroneopterin aldolase [4.1.2.25]"
"136","HEMN-RXN: (expasy) Coproporphyrinogen dehydrogenase [1.3.98.3]"
"137","HOMOCITRATE-SYNTHASE-RXN: (expasy) Homocitrate synthase [2.3.3.14]"
"138","HOMOSERKIN-RXN: (expasy) Homoserine kinase [2.7.1.39]"
"139","HYDROGEN-DEHYDROGENASE-RXN: (expasy) Hydrogen dehydrogenase [1.12.1.2]"
"140","HYDROXYLAMINE-REDUCTASE-RXN: (expasy) Hydroxylamine reductase [1.7.99.1]"
"141","IPPISOM-RXN: (expasy) Isopentenyl-diphosphate Delta-isomerase [5.3.3.2]"
"142","ISOCITDEH-RXN: (expasy) Isocitrate dehydrogenase (NADP(+)) [1.1.1.42]"
"143","ISPH2-RXN: (expasy) 4-hydroxy-3-methylbut-2-enyl diphosphate reductase [1.17.7.4]"
"144","KETOGLUTREDUCT-RXN: (expasy) 2-oxoglutarate reductase [1.1.1.399]"
"145","L-ASPARTATE-OXID-RXN: (expasy) L-aspartate oxidase [1.4.3.16]"
"146","LUMAZINESYN-RXN: (expasy) 6,7-dimethyl-8-ribityllumazine synthase [2.5.1.78]"
"147","MALIC-NADP-RXN: (expasy) Malate dehydrogenase (oxaloacetate-decarboxylating) (NADP(+)) [1.1.1.40]"
"148","MANNPISOM-RXN: (expasy) Mannose-6-phosphate isomerase [5.3.1.8]"
"149","METHIONYL-TRNA-FORMYLTRANSFERASE-RXN: (expasy) Methionyl-tRNA formyltransferase [2.1.2.9]"
"150","N-ACETYLTRANSFER-RXN: (expasy) Amino-acid N-acetyltransferase [2.3.1.1]"
"151","NAD-KIN-RXN: (expasy) NAD(+) kinase [2.7.1.23]"
"152","NAG1P-URIDYLTRANS-RXN: (expasy) UDP-N-acetylglucosamine diphosphorylase [2.7.7.23]"
"153","NAPHTHOATE-SYN-RXN: (expasy) 1,4-dihydroxy-2-naphthoyl-CoA synthase [4.1.3.36]"
"154","NICONUCADENYLYLTRAN-RXN: (expasy) Nicotinate-nucleotide adenylyltransferase [2.7.7.18]"
"155","NITROGENASE-RXN: (expasy) Nitrogenase [1.18.6.1]"
"156","OHMETHYLBILANESYN-RXN: (expasy) Hydroxymethylbilane synthase [2.5.1.61]"
"157","OROPRIBTRANS-RXN: (expasy) Orotate phosphoribosyltransferase [2.4.2.10]"
"158","OROTPDECARB-RXN: (expasy) Orotidine-5'-phosphate decarboxylase [4.1.1.23]"
"159","PABASYN-RXN: (expasy) Aminodeoxychorismate synthase [2.6.1.85]"
"160","PANTEPADENYLYLTRAN-RXN: (expasy) Pantetheine-phosphate adenylyltransferase [2.7.7.3]"
"161","PANTOATE-BETA-ALANINE-LIG-RXN: (expasy) Pantoate--beta-alanine ligase (AMP-forming) [6.3.2.1]"
"162","PEPCARBOX-RXN: (expasy) Phosphoenolpyruvate carboxylase [4.1.1.31]"
"163","PEPSYNTH-RXN: (expasy) Pyruvate, water dikinase [2.7.9.2]"
"164","PEPTIDYLPROLYL-ISOMERASE-RXN: (expasy) Peptidylprolyl isomerase [5.2.1.8]"
"165","PGLUCISOM-RXN: (expasy) Glucose-6-phosphate isomerase [5.3.1.9]"
"166","PGLYCDEHYDROG-RXN: (expasy) Phosphoglycerate dehydrogenase [1.1.1.95]"
"167","PHOSPHAGLYPSYN-RXN: (expasy) CDP-diacylglycerol--glycerol-3-phosphate 1-phosphatidyltransferase [2.7.8.5]"
"168","PHOSPHATIDYLCHOLINE-DESATURASE-RXN: (expasy) Acyl-lipid omega-6 desaturase (cytochrome b5) [1.14.19.22]"
"169","PHOSPHOKETOLASE-RXN: (expasy) Phosphoketolase [4.1.2.9]"
"170","PHOSPHORIBULOKINASE-RXN: (expasy) Phosphoribulokinase [2.7.1.19]"
"171","PPGPPSYN-RXN: (expasy) Guanosine-3',5'-bis(diphosphate) 3'-diphosphatase [3.1.7.2]"
"172","PRAISOM-RXN: (expasy) Phosphoribosylanthranilate isomerase [5.3.1.24]"
"173","PURINE-NUCLEOSIDASE-RXN: (expasy) Purine nucleosidase [3.2.2.1]"
"174","PYROGLUTAMYL-PEPTIDASE-I-RXN: (expasy) Pyroglutamyl-peptidase I [3.4.19.3]"
"175","QUINOLINATE-SYNTHA-RXN: (expasy) Quinolinate synthase [2.5.1.72]"
"176","QUINOPRIBOTRANS-RXN: (expasy) Nicotinate-nucleotide diphosphorylase (carboxylating) [2.4.2.19]"
"177","R229-RXN: (expasy) 2-phosphosulfolactate phosphatase [3.1.3.71]"
"178","RIB5PISOM-RXN: (expasy) Ribose-5-phosphate isomerase [5.3.1.6]"
"179","RXN-10625: (expasy) Geranylgeranyl diphosphate reductase [1.3.1.83]"
"180","RXN-10847: (expasy) Demethylrebeccamycin-D-glucose O-methyltransferase [2.1.1.164]"
"181","RXN-10857: (expasy) Dihydroneopterin aldolase [4.1.2.25]"
"182","RXN-11291: (expasy) Peptidoglycan glycosyltransferase [2.4.1.129]"
"183","RXN-11348: (expasy) Peptidoglycan glycosyltransferase [2.4.1.129]"
"184","RXN-11350: (expasy) Peptidoglycan glycosyltransferase [2.4.1.129]"
"185","RXN-11355: (expasy) 15-cis-phytoene desaturase [1.3.5.5]"
"186","RXN-11484: (expasy) 8-amino-7-oxononanoate synthase [2.3.1.47]"
"187","RXN-11601: (expasy) 23S rRNA (uracil(1939)-C(5))-methyltransferase [2.1.1.190]"
"188","RXN-11633: (expasy) 16S rRNA (adenine(1518)-N(6)/adenine(1519)-N(6))-dimethyltransferase [2.1.1.182]"
"189","RXN-11637: (expasy) 16S rRNA (cytidine(1402)-2'-O)-methyltransferase [2.1.1.198]"
"190","RXN-11867: (expasy) tRNA (cytidine(32)/uridine(32)-2'-O)-methyltransferase [2.1.1.200]"
"191","RXN-12002: (expasy) AMBIGUOUS [2.7.4.14; 2.7.4.22]"
"192","RXN-12093: (expasy) 7-cyano-7-deazaguanine synthase [6.3.4.20]"
"193","RXN-12171: (expasy) Glycogen phosphorylase [2.4.1.1]"
"194","RXN-12193: (metacyc) 4-&alpha;-glucosyltransferase [2.4.1.25]"
"195","RXN-1223: (expasy) UDP-sulfoquinovose synthase [3.13.1.1]"
"196","RXN-12391: (expasy) 4-alpha-glucanotransferase [2.4.1.25]"
"197","RXN-12392: (expasy) Glycogen phosphorylase [2.4.1.1]"
"198","RXN-12456: (expasy) tRNA-dihydrouridine(20) synthase (NAD(P)(+)) [1.3.1.91]"
"199","RXN-12588: (expasy) Cysteine desulfurase [2.8.1.7]"
"200","RXN-12610: (expasy) Thiamine phosphate synthase [2.5.1.3]"
"201","RXN-12611: (metacyc) thiamin phosphate synthase [2.5.1.3]"
"202","RXN-12613: (expasy) Aminopyrimidine aminohydrolase [3.5.99.2]"
"203","RXN-12625: (metacyc) N,N'-diacetylchitobiose &beta;-N-acetylglucosaminidase [3.2.1.52]"
"204","RXN-12626: (metacyc) chitotriose &beta;-N-acetylglucosaminidase [3.2.1.52]"
"205","RXN-12642: (expasy) 3-dehydrosphinganine reductase [1.1.1.102]"
"206","RXN-12645: (expasy) 3-dehydrosphinganine reductase [1.1.1.102]"
"207","RXN-12752: (expasy) NAD(P)H-hydrate epimerase [5.1.99.6]"
"208","RXN-13141: (expasy) ADP-dependent NAD(P)H-hydrate dehydratase [4.2.1.136]"
"209","RXN-13142: (expasy) NAD(P)H-hydrate epimerase [5.1.99.6]"
"210","RXN-13191: (expasy) Magnesium-protoporphyrin IX monomethyl ester (oxidative) cyclase [1.14.13.81]"
"211","RXN-13323: (expasy) 15-cis-phytoene synthase [2.5.1.32]"
"212","RXN-13403: (expasy) Uroporphyrinogen-III C-methyltransferase [2.1.1.107]"
"213","RXN-13426: (metacyc) &alpha;-linolenoyl-CoA &Delta;6-desaturase [1.14.19.3]"
"214","RXN-13439: (expasy) Cyanophycin synthase (L-aspartate-adding) [6.3.2.29]"
"215","RXN-13440: (expasy) Cyanophycin synthase (L-arginine-adding) [6.3.2.30]"
"216","RXN-14063: (expasy) Adenosylcobinamide kinase [2.7.1.156]"
"217","RXN-14090: (expasy) 3'-nucleotidase [3.1.3.6]"
"218","RXN-14115: (expasy) 3'-nucleotidase [3.1.3.6]"
"219","RXN-14116: (expasy) L-glutamate gamma-semialdehyde dehydrogenase [1.2.1.88]"
"220","RXN-14124: (expasy) 3'-nucleotidase [3.1.3.6]"
"221","RXN-14126: (expasy) 3'-nucleotidase [3.1.3.6]"
"222","RXN-14129: (expasy) Cytosine deaminase [3.5.4.1]"
"223","RXN-14197: (expasy) Cytosine deaminase [3.5.4.1]"
"224","RXN-14260: (expasy) 4-alpha-glucanotransferase [2.4.1.25]"
"225","RXN-14261: (expasy) 4-alpha-glucanotransferase [2.4.1.25]"
"226","RXN-14284: (expasy) Glycogen phosphorylase [2.4.1.1]"
"227","RXN-14285: (expasy) Glycogen phosphorylase [2.4.1.1]"
"228","RXN-14286: (expasy) Glycogen phosphorylase [2.4.1.1]"
"229","RXN-14304: (expasy) S-methyl-5'-thioadenosine phosphorylase [2.4.2.28]"
"230","RXN-14338: (expasy) Diadenylate cyclase [2.7.7.85]"
"231","RXN-14353: (expasy) Glycogen phosphorylase [2.4.1.1]"
"232","RXN-14354: (expasy) 4-alpha-glucanotransferase [2.4.1.25]"
"233","RXN-14371: (expasy) 1,4-alpha-glucan branching enzyme [2.4.1.18]"
"234","RXN-14372: (expasy) 1,4-alpha-glucan branching enzyme [2.4.1.18]"
"235","RXN-14385: (expasy) Cysteine desulfurase [2.8.1.7]"
"236","RXN-14569: (expasy) L-threonylcarbamoyladenylate synthase [2.7.7.87]"
"237","RXN-14712: (expasy) Peptidoglycan glycosyltransferase [2.4.1.129]"
"238","RXN-14917: (expasy) 2-methyl-6-phytyl-1,4-hydroquinone methyltransferase [2.1.1.295]"
"239","RXN-14950: (expasy) Lipoyl synthase [2.8.1.8]"
"240","RXN-14957: (expasy) Lipoyl synthase [2.8.1.8]"
"241","RXN-14959: (expasy) Lipoyl synthase [2.8.1.8]"
"242","RXN-15043: (expasy) 1-acylglycerol-3-phosphate O-acyltransferase [2.3.1.51]"
"243","RXN-15521: (expasy) Peptidoglycan glycosyltransferase [2.4.1.129]"
"244","RXN-15635: (expasy) 3-methyl-2-oxobutanoate hydroxymethyltransferase [2.1.2.11]"
"245","RXN-15881: (expasy) Cysteine desulfurase [2.8.1.7]"
"246","RXN-16023: (expasy) sn-1 stearoyl-lipid 9-desaturase [1.14.19.28]"
"247","RXN-16025: (expasy) 1-acylglycerol-3-phosphate O-acyltransferase [2.3.1.51]"
"248","RXN-16032: (expasy) 1-acylglycerol-3-phosphate O-acyltransferase [2.3.1.51]"
"249","RXN-16065: (expasy) Acyl-CoA 6-desaturase [1.14.19.3]"
"250","RXN-16067: (expasy) 1-acylglycerol-3-phosphate O-acyltransferase [2.3.1.51]"
"251","RXN-16068: (expasy) sn-1 oleoyl-lipid 12-desaturase [1.14.19.45]"
"252","RXN-16069: (expasy) sn-1 linoleoyl-lipid 6-desaturase [1.14.19.46]"
"253","RXN-16076: (expasy) 1-acylglycerol-3-phosphate O-acyltransferase [2.3.1.51]"
"254","RXN-16077: (expasy) 1-acylglycerol-3-phosphate O-acyltransferase [2.3.1.51]"
"255","RXN-16118: (expasy) 1-acylglycerol-3-phosphate O-acyltransferase [2.3.1.51]"
"256","RXN-16132: (expasy) Acyl-CoA 6-desaturase [1.14.19.3]"
"257","RXN-1623: (expasy) 1-acylglycerol-3-phosphate O-acyltransferase [2.3.1.51]"
"258","RXN-16650: (expasy) Peptidoglycan glycosyltransferase [2.4.1.129]"
"259","RXN-16701: (expasy) 2-oxoglutarate reductase [1.1.1.399]"
"260","RXN-16937: (expasy) Flavin prenyltransferase [2.5.1.129]"
"261","RXN-17008: (expasy) 1-acylglycerol-3-phosphate O-acyltransferase [2.3.1.51]"
"262","RXN-17009: (expasy) 1-acylglycerol-3-phosphate O-acyltransferase [2.3.1.51]"
"263","RXN-17010: (expasy) 1-acylglycerol-3-phosphate O-acyltransferase [2.3.1.51]"
"264","RXN-17011: (expasy) 1-acylglycerol-3-phosphate O-acyltransferase [2.3.1.51]"
"265","RXN-17012: (expasy) 1-acylglycerol-3-phosphate O-acyltransferase [2.3.1.51]"
"266","RXN-17013: (expasy) 1-acylglycerol-3-phosphate O-acyltransferase [2.3.1.51]"
"267","RXN-17014: (expasy) 1-acylglycerol-3-phosphate O-acyltransferase [2.3.1.51]"
"268","RXN-17015: (expasy) 1-acylglycerol-3-phosphate O-acyltransferase [2.3.1.51]"
"269","RXN-17019: (expasy) 1-acylglycerol-3-phosphate O-acyltransferase [2.3.1.51]"
"270","RXN-17020: (expasy) 1-acylglycerol-3-phosphate O-acyltransferase [2.3.1.51]"
"271","RXN-17021: (expasy) 1-acylglycerol-3-phosphate O-acyltransferase [2.3.1.51]"
"272","RXN-17022: (expasy) 1-acylglycerol-3-phosphate O-acyltransferase [2.3.1.51]"
"273","RXN-17023: (expasy) 1-acylglycerol-3-phosphate O-acyltransferase [2.3.1.51]"
"274","RXN-17024: (expasy) 1-acylglycerol-3-phosphate O-acyltransferase [2.3.1.51]"
"275","RXN-17112: (expasy) Acyl-CoA 6-desaturase [1.14.19.3]"
"276","RXN-17372: (expasy) Demethyl-4-deoxygadusol synthase [4.2.3.154]"
"277","RXN-17428: (expasy) Geranylgeranyl diphosphate reductase [1.3.1.83]"
"278","RXN-17678: (expasy) Dihydroflavanol 4-reductase [1.1.1.219]"
"279","RXN-17729: (expasy) 1-acylglycerol-3-phosphate O-acyltransferase [2.3.1.51]"
"280","RXN-17951: (expasy) Glycine oxidase [1.4.3.19]"
"281","RXN-17956: (expasy) Alpha-D-ribose 1-methylphosphonate 5-phosphate C-P-lyase [4.7.1.1]"
"282","RXN-17959: (expasy) Alpha-D-ribose 1-methylphosphonate 5-phosphate C-P-lyase [4.7.1.1]"
"283","RXN-18082: (expasy) Beta-N-acetylhexosaminidase [3.2.1.52]"
"284","RXN-18092: (expasy) Gamma-glutamyltransferase [2.3.2.2]"
"285","RXN-1823: (expasy) Alpha-amylase [3.2.1.1]"
"286","RXN-1826: (expasy) Glycogen phosphorylase [2.4.1.1]"
"287","RXN-1828: (expasy) 4-alpha-glucanotransferase [2.4.1.25]"
"288","RXN-18345: (expasy) Biliverdin reductase [1.3.1.24]"
"289","RXN-18435: (expasy) DNA-formamidopyrimidine glycosylase [3.2.2.23]"
"290","RXN-18694: (expasy) Molybdopterin synthase [2.8.1.12]"
"291","RXN-18696: (expasy) Deaminated glutathione amidase [3.5.1.128]"
"292","RXN-18719: (expasy) AMBIGUOUS [3.4.11.15; 3.4.11.6]"
"293","RXN-18777: (expasy) 1,4-alpha-glucan branching enzyme [2.4.1.18]"
"294","RXN-19025: (expasy) Deoxyribodipyrimidine photo-lyase [4.1.99.3]"
"295","RXN-19026: (expasy) Deoxyribodipyrimidine photo-lyase [4.1.99.3]"
"296","RXN-19229: (expasy) 5-amino-6-(D-ribitylamino)uracil--L-tyrosine 4-hydroxyphenyl transferase [2.5.1.147]"
"297","RXN-19230: (expasy) 7,8-didemethyl-8-hydroxy-5-deazariboflavin synthase [4.3.1.32]"
"298","RXN-19242: (expasy) Deoxyribodipyrimidine photo-lyase [4.1.99.3]"
"299","RXN-19243: (expasy) Deoxyribodipyrimidine photo-lyase [4.1.99.3]"
"300","RXN-19244: (expasy) Deoxyribodipyrimidine photo-lyase [4.1.99.3]"
"301","RXN-19245: (expasy) Deoxyribodipyrimidine photo-lyase [4.1.99.3]"
"302","RXN-19246: (expasy) Deoxyribodipyrimidine photo-lyase [4.1.99.3]"
"303","RXN-19247: (expasy) Deoxyribodipyrimidine photo-lyase [4.1.99.3]"
"304","RXN-19248: (expasy) Deoxyribodipyrimidine photo-lyase [4.1.99.3]"
"305","RXN-19916: (expasy) Fructose-bisphosphate aldolase [4.1.2.13]"
"306","RXN-19947: (expasy) AMBIGUOUS [2.4.1.25; 3.2.1.33]"
"307","RXN-20037: (expasy) Cysteine desulfurase [2.8.1.7]"
"308","RXN-20190: (expasy) Nitrogenase [1.18.6.1]"
"309","RXN-20505: (expasy) 3-dehydrosphinganine reductase [1.1.1.102]"
"310","RXN-20512: (expasy) 1-acylglycerol-3-phosphate O-acyltransferase [2.3.1.51]"
"311","RXN-20528: (expasy) 1-acylglycerol-3-phosphate O-acyltransferase [2.3.1.51]"
"312","RXN-20565: (expasy) 1-acylglycerol-3-phosphate O-acyltransferase [2.3.1.51]"
"313","RXN-20897: (expasy) Deoxyribodipyrimidine photo-lyase [4.1.99.3]"
"314","RXN-21092: (expasy) Glycogen phosphorylase [2.4.1.1]"
"315","RXN-21228: (expasy) Citrate synthase (unknown stereospecificity) [2.3.3.16]"
"316","RXN-21266: (expasy) DNA-formamidopyrimidine glycosylase [3.2.2.23]"
"317","RXN-21432: (expasy) Beta-N-acetylhexosaminidase [3.2.1.52]"
"318","RXN-21489: (expasy) Testosterone 17-beta-dehydrogenase (NADP(+)) [1.1.1.64]"
"319","RXN-21496: (expasy) Testosterone 17-beta-dehydrogenase (NADP(+)) [1.1.1.64]"
"320","RXN-21514: (expasy) Caffeoyl-CoA O-methyltransferase [2.1.1.104]"
"321","RXN-21560: (expasy) Cysteine desulfurase [2.8.1.7]"
"322","RXN-21566: (expasy) Cysteine desulfurase [2.8.1.7]"
"323","RXN-21711: (expasy) Beta-aspartyl-peptidase [3.4.19.5]"
"324","RXN-22: (expasy) Argininosuccinate lyase [4.3.2.1]"
"325","RXN-2542: (expasy) 2-methyl-6-phytyl-1,4-hydroquinone methyltransferase [2.1.1.295]"
"326","RXN-2762: (expasy) 2-methyl-6-phytyl-1,4-hydroquinone methyltransferase [2.1.1.295]"
"327","RXN-5285: (expasy) Protochlorophyllide reductase [1.3.1.33]"
"328","RXN-600: (expasy) Dihydroflavanol 4-reductase [1.1.1.219]"
"329","RXN-6222: (expasy) Sucrose synthase [2.4.1.13]"
"330","RXN-6601: (expasy) Gamma-glutamyltransferase [2.3.2.2]"
"331","RXN-7568: (expasy) 2-carboxy-1,4-naphthoquinone phytyltransferase [2.5.1.130]"
"332","RXN-7569: (metacyc) demethylphylloquinol methyltransferase [2.1.1.329]"
"333","RXN-7669: (expasy) 1,4-alpha-glucan branching enzyme [2.4.1.18]"
"334","RXN-7682: (expasy) Xanthine dehydrogenase [1.17.1.4]"
"335","RXN-7710: (expasy) 1,4-alpha-glucan branching enzyme [2.4.1.18]"
"336","RXN-7784: (expasy) Dihydroflavanol 4-reductase [1.1.1.219]"
"337","RXN-8156: (expasy) Sulfide-cytochrome-c reductase (flavocytochrome c) [1.8.2.3]"
"338","RXN-8342: (expasy) Molybdopterin synthase [2.8.1.12]"
"339","RXN-8631: (expasy) Fructose-bisphosphate aldolase [4.1.2.13]"
"340","RXN-8672: (expasy) Glycine oxidase [1.4.3.19]"
"341","RXN-8673: (expasy) Glycine oxidase [1.4.3.19]"
"342","RXN-8674: (expasy) Glycine oxidase [1.4.3.19]"
"343","RXN-8732: (expasy) [Protein ADP-ribosylarginine] hydrolase [3.2.2.19]"
"344","RXN-8751: (expasy) Xanthine dehydrogenase [1.17.1.4]"
"345","RXN-8752: (expasy) Xanthine dehydrogenase [1.17.1.4]"
"346","RXN-8753: (expasy) Xanthine dehydrogenase [1.17.1.4]"
"347","RXN-8760: (expasy) Cobalt-factor II C(20)-methyltransferase [2.1.1.151]"
"348","RXN-8769: (expasy) Cobyrinate a,c-diamide synthase (glutamine-hydrolyzing) [6.3.5.11]"
"349","RXN-8999: (expasy) diphosphate specific) [2.5.1.31]"
"350","RXN-9023: (expasy) 4-alpha-glucanotransferase [2.4.1.25]"
"351","RXN-9024: (expasy) Glucan 1,4-alpha-glucosidase [3.2.1.3]"
"352","RXN-9025: (expasy) Glycogen phosphorylase [2.4.1.1]"
"353","RXN-9157: (expasy) Gamma-glutamyltransferase [2.3.2.2]"
"354","RXN-9311: (expasy) 1,4-dihydroxy-2-naphthoyl-CoA hydrolase [3.1.2.28]"
"355","RXN-9591: (expasy) Acyl phosphate:glycerol-3-phosphate acyltransferase [2.3.1.275]"
"356","RXN-9601: (expasy) Acyl-CoA (9+3)-desaturase [1.14.19.6]"
"357","RXN-9616: (expasy) Acyl-CoA (9+3)-desaturase [1.14.19.6]"
"358","RXN-9787: (metacyc) cysteine:[ThiI sulfur-carrier protein]-L-cysteine sulfurtransferase desulfurase [2.8.1.7]"
"359","RXN-9857: (expasy) Carboxymethylenebutenolidase [3.1.1.45]"
"360","RXN-9868: (expasy) Carboxymethylenebutenolidase [3.1.1.45]"
"361","RXN-9887: (expasy) Carboxymethylenebutenolidase [3.1.1.45]"
"362","RXN-9890: (expasy) Carboxymethylenebutenolidase [3.1.1.45]"
"363","RXN-9952: (expasy) Phosphogluconate dehydrogenase (NADP(+)-dependent, decarboxylating) [1.1.1.44]"
"364","RXN-MG-PROTOPORPHYRIN-METHYLESTER-SYN: (expasy) Magnesium protoporphyrin IX methyltransferase [2.1.1.11]"
"365","RXN0-1342: (expasy) S-adenosylmethionine:tRNA ribosyltransferase-isomerase [2.4.99.17]"
"366","RXN0-1461: (expasy) Coproporphyrinogen oxidase [1.3.3.3]"
"367","RXN0-1602: (expasy) XTP/dITP diphosphatase [3.6.1.66]"
"368","RXN0-1603: (expasy) XTP/dITP diphosphatase [3.6.1.66]"
"369","RXN0-2441: (expasy) Trans-aconitate 2-methyltransferase [2.1.1.144]"
"370","RXN0-2584: (expasy) Uracil-DNA glycosylase [3.2.2.27]"
"371","RXN0-302: (expasy) 2-C-methyl-D-erythritol 2,4-cyclodiphosphate synthase [4.6.1.12]"
"372","RXN0-3241: (expasy) Beta-aspartyl-peptidase [3.4.19.5]"
"373","RXN0-363: (expasy) Purine nucleosidase [3.2.2.1]"
"374","RXN0-366: (metacyc) guanosine hydrolase [3.2.2.1]"
"375","RXN0-4342: (expasy) D-glycero-beta-D-manno-heptose 1-phosphate adenylyltransferase [2.7.7.70]"
"376","RXN0-4621: (expasy) Anhydro-N-acetylmuramic acid kinase [2.7.1.170]"
"377","RXN0-5063: (expasy) tRNA-2-methylthio-N(6)-dimethylallyladenosine synthase [2.8.4.3]"
"378","RXN0-5181: (expasy) Alpha-amylase [3.2.1.1]"
"379","RXN0-5182: (expasy) Glycogen phosphorylase [2.4.1.1]"
"380","RXN0-5184: (expasy) Glycogen phosphorylase [2.4.1.1]"
"381","RXN0-5226: (expasy) Beta-N-acetylhexosaminidase [3.2.1.52]"
"382","RXN0-5507: (expasy) 6-carboxytetrahydropterin synthase [4.1.2.50]"
"383","RXN0-5514: (metacyc) 1-acylglycerol-3-phosphate O-acyltransferase [2.3.1.51]"
"384","RXN0-6427: (expasy) Guanosine-3',5'-bis(diphosphate) 3'-diphosphatase [3.1.7.2]"
"385","RXN0-6478: (expasy) Ribonuclease E [3.1.26.12]"
"386","RXN0-6485: (expasy) Ribonuclease E [3.1.26.12]"
"387","RXN0-6491: (metacyc) dihydroorotate dehydrogenase [1.3.5.2]"
"388","RXN0-6515: (expasy) 16S rRNA (guanine(966)-N(2))-methyltransferase [2.1.1.171]"
"389","RXN0-6521: (expasy) Ribonuclease E [3.1.26.12]"
"390","RXN0-6522: (expasy) Ribonuclease E [3.1.26.12]"
"391","RXN0-6523: (expasy) Ribonuclease E [3.1.26.12]"
"392","RXN0-6554: (expasy) Dihydroorotate dehydrogenase (quinone) [1.3.5.2]"
"393","RXN0-6575: (expasy) 7-carboxy-7-deazaguanine synthase [4.3.99.3]"
"394","RXN0-6705: (expasy) 1-acylglycerol-3-phosphate O-acyltransferase [2.3.1.51]"
"395","RXN0-6727: (expasy) ADP-dependent NAD(P)H-hydrate dehydratase [4.2.1.136]"
"396","RXN0-6734: (expasy) Alpha-D-ribose 1-methylphosphonate 5-phosphate C-P-lyase [4.7.1.1]"
"397","RXN0-6948: (expasy) Amino-acid N-acetyltransferase [2.3.1.1]"
"398","RXN0-884: (expasy) 4-hydroxy-3-methylbut-2-enyl diphosphate reductase [1.17.7.4]"
"399","RXN0-901: (expasy) Xanthine dehydrogenase [1.17.1.4]"
"400","RXN0-949: (expasy) Lipoyl synthase [2.8.1.8]"
"401","RXN1F-10: (expasy) Protochlorophyllide reductase [1.3.1.33]"
"402","RXN1F-20: (expasy) Magnesium chelatase [6.6.1.1]"
"403","RXN490-3616: (metacyc) Aspartate--tRNA ligase [6.1.1.23]"
"404","RXN66-336: (expasy) Gamma-glutamyltransferase [2.3.2.2]"
"405","SAMDECARB-RXN: (expasy) Adenosylmethionine decarboxylase [4.1.1.50]"
"406","SEDOBISALDOL-RXN: (expasy) Fructose-bisphosphate aldolase [4.1.2.13]"
"407","SHIKIMATE-5-DEHYDROGENASE-RXN: (expasy) Shikimate dehydrogenase [1.1.1.25]"
"408","SHIKIMATE-KINASE-RXN: (expasy) Shikimate kinase [2.7.1.71]"
"409","SPERMIDINESYN-RXN: (expasy) Spermidine synthase [2.5.1.16]"
"410","SUCCDIAMINOPIMDESUCC-RXN: (expasy) Succinyl-diaminopimelate desuccinylase [3.5.1.18]"
"411","SUCCINATE-SEMIALDEHYDE-DEHYDROGENASE-RXN: (expasy) Succinate-semialdehyde dehydrogenase (NAD(+)) [1.2.1.24]"
"412","SUCCINYLDIAMINOPIMTRANS-RXN: (expasy) Succinyldiaminopimelate transaminase [2.6.1.17]"
"413","SUCROSE-PHOSPHORYLASE-RXN: (expasy) Sucrose phosphorylase [2.4.1.7]"
"414","SUCROSE-SYNTHASE-RXN: (expasy) Sucrose synthase [2.4.1.13]"
"415","TEICHOICSYN2-RXN: (expasy) mannosaminyltransferase [2.4.1.187]"
"416","THI-P-SYN-RXN: (expasy) Thiamine phosphate synthase [2.5.1.3]"
"417","THIAMINASE-RXN: (expasy) Aminopyrimidine aminohydrolase [3.5.99.2]"
"418","THRESYN-RXN: (expasy) Threonine synthase [4.2.3.1]"
"419","TRANS-RXN-238: (expasy) ABC-type phosphonate transporter [7.3.2.2]"
"420","TRIOSEPISOMERIZATION-RXN: (expasy) Triose-phosphate isomerase [5.3.1.1]"
"421","TRNA-GUANINE-N7--METHYLTRANSFERASE-RXN: (expasy) tRNA (guanine(46)-N(7))-methyltransferase [2.1.1.33]"
"422","TYROSINE--TRNA-LIGASE-RXN: (expasy) Tyrosine--tRNA ligase [6.1.1.1]"
"423","UDP-NACMUR-ALA-LIG-RXN: (expasy) UDP-N-acetylmuramate--L-alanine ligase [6.3.2.8]"
"424","UDP-NACMURALA-GLU-LIG-RXN: (expasy) UDP-N-acetylmuramoyl-L-alanine--D-glutamate ligase [6.3.2.9]"
"425","UDP-NACMURALGLDAPAALIG-RXN: (metacyc) UDP-N-acetylmuramoyl-L-alanyl-D-glutamyl-meso-2,6-diaminopimelate ligase [6.3.2.10]"
"426","UDPGLCNACEPIM-RXN: (expasy) UDP-N-acetylglucosamine 2-epimerase (non-hydrolyzing) [5.1.3.14]"
"427","UGD-RXN: (expasy) UDP-glucose 6-dehydrogenase [1.1.1.22]"
"428","UNDECAPRENYL-DIPHOSPHATASE-RXN: (expasy) Undecaprenyl-diphosphate phosphatase [3.6.1.27]"
"429","URACIL-PRIBOSYLTRANS-RXN: (expasy) Uracil phosphoribosyltransferase [2.4.2.9]"
"430","VALINE--TRNA-LIGASE-RXN: (expasy) Valine--tRNA ligase [6.1.1.9]"
